url_path,views_total,views_unique
/dlcgold/muPBWT,4,3
/dlcgold/muPBWT/blob/main/include/rlpbwt_int.h,3,2
/dlcgold/muPBWT/tree/main/sample_data,3,1
/dlcgold/muPBWT/tree/main/include,2,2
/dlcgold/muPBWT/blob/043fb1821168966c2e12e76f8976cffa8d0ecaf0/include/rlpbwt_int.h,2,1
/dlcgold/muPBWT/blob/main/mupbwt.cpp,2,1
/dlcgold/muPBWT/blob/main/sample_data/panel.bcf,1,1
/dlcgold/muPBWT/tree/043fb1821168966c2e12e76f8976cffa8d0ecaf0,1,1
/dlcgold/muPBWT/tree/043fb1821168966c2e12e76f8976cffa8d0ecaf0/include,1,1
/dlcgold/muPBWT/tree/main,1,1
